{
    "_via_attributes": {
        "region": {}, 
        "file": {}
    }, 
    "_via_img_metadata": {
        "0037.png": {
            "regions": [
                {
                    "shape_attributes": {
                        "name": "ellipse", 
                        "rx": 3, 
                        "ry": 5, 
                        "cy": 937, 
                        "cx": 518, 
                        "theta": 0
                    }, 
                    "region_attributes": {}
                }, 
                {
                    "shape_attributes": {
                        "name": "ellipse", 
                        "rx": 3.168, 
                        "ry": 5.842, 
                        "cy": 950, 
                        "cx": 515, 
                        "theta": -0.862
                    }, 
                    "region_attributes": {}
                }, 
                {
                    "shape_attributes": {
                        "name": "ellipse", 
                        "rx": 4, 
                        "ry": 9, 
                        "cy": 933, 
                        "cx": 598, 
                        "theta": 0
                    }, 
                    "region_attributes": {}
                }, 
                {
                    "shape_attributes": {
                        "name": "ellipse", 
                        "rx": 6, 
                        "ry": 4, 
                        "cy": 983, 
                        "cx": 535, 
                        "theta": 0
                    }, 
                    "region_attributes": {}
                }, 
                {
                    "shape_attributes": {
                        "name": "ellipse", 
                        "rx": 7.63, 
                        "ry": 3.802, 
                        "cy": 944, 
                        "cx": 609, 
                        "theta": 0.844
                    }, 
                    "region_attributes": {}
                }, 
                {
                    "shape_attributes": {
                        "name": "ellipse", 
                        "rx": 6, 
                        "ry": 4, 
                        "cy": 945, 
                        "cx": 627, 
                        "theta": 0
                    }, 
                    "region_attributes": {}
                }, 
                {
                    "shape_attributes": {
                        "name": "ellipse", 
                        "rx": 7.63, 
                        "ry": 3.168, 
                        "cy": 951, 
                        "cx": 631, 
                        "theta": 2.415
                    }, 
                    "region_attributes": {}
                }, 
                {
                    "shape_attributes": {
                        "name": "ellipse", 
                        "rx": 3.802, 
                        "ry": 6.854, 
                        "cy": 938, 
                        "cx": 675, 
                        "theta": -0.588
                    }, 
                    "region_attributes": {}
                }, 
                {
                    "shape_attributes": {
                        "name": "ellipse", 
                        "rx": 4, 
                        "ry": 6, 
                        "cy": 943, 
                        "cx": 691, 
                        "theta": 0
                    }, 
                    "region_attributes": {}
                }, 
                {
                    "shape_attributes": {
                        "name": "ellipse", 
                        "rx": 3.168, 
                        "ry": 7.94, 
                        "cy": 939, 
                        "cx": 742, 
                        "theta": 1.071
                    }, 
                    "region_attributes": {}
                }, 
                {
                    "shape_attributes": {
                        "name": "ellipse", 
                        "rx": 6.524, 
                        "ry": 3.802, 
                        "cy": 971, 
                        "cx": 768, 
                        "theta": -0.507
                    }, 
                    "region_attributes": {}
                }, 
                {
                    "shape_attributes": {
                        "name": "ellipse", 
                        "rx": 3.802, 
                        "ry": 6.736, 
                        "cy": 941, 
                        "cx": 1145, 
                        "theta": 0.852
                    }, 
                    "region_attributes": {}
                }
            ], 
            "size": 1194107, 
            "file_attributes": {}, 
            "filename": "0037.png"
        }, 
        "0182.png": {
            "regions": [
                {
                    "shape_attributes": {
                        "name": "ellipse", 
                        "rx": 7, 
                        "ry": 3, 
                        "cy": 983, 
                        "cx": 537, 
                        "theta": 0
                    }, 
                    "region_attributes": {}
                }, 
                {
                    "shape_attributes": {
                        "name": "ellipse", 
                        "rx": 11.406, 
                        "ry": 3.168, 
                        "cy": 955, 
                        "cx": 548, 
                        "theta": 2.498
                    }, 
                    "region_attributes": {}
                }, 
                {
                    "shape_attributes": {
                        "name": "ellipse", 
                        "rx": 1.866, 
                        "ry": 7.091, 
                        "cy": 941, 
                        "cx": 564, 
                        "theta": -0.661
                    }, 
                    "region_attributes": {}
                }, 
                {
                    "shape_attributes": {
                        "name": "ellipse", 
                        "rx": 7.592, 
                        "ry": 1.866, 
                        "cy": 929, 
                        "cx": 572, 
                        "theta": -0.611
                    }, 
                    "region_attributes": {}
                }, 
                {
                    "shape_attributes": {
                        "name": "ellipse", 
                        "rx": 6.854, 
                        "ry": 3.802, 
                        "cy": 936, 
                        "cx": 621, 
                        "theta": 2.554
                    }, 
                    "region_attributes": {}
                }, 
                {
                    "shape_attributes": {
                        "name": "ellipse", 
                        "rx": 4, 
                        "ry": 4, 
                        "cy": 939, 
                        "cx": 660, 
                        "theta": 0
                    }, 
                    "region_attributes": {}
                }, 
                {
                    "shape_attributes": {
                        "name": "ellipse", 
                        "rx": 3, 
                        "ry": 5, 
                        "cy": 944, 
                        "cx": 675, 
                        "theta": 0
                    }, 
                    "region_attributes": {}
                }, 
                {
                    "shape_attributes": {
                        "name": "ellipse", 
                        "rx": 3.168, 
                        "ry": 4.949, 
                        "cy": 930, 
                        "cx": 700, 
                        "theta": 0.876
                    }, 
                    "region_attributes": {}
                }, 
                {
                    "shape_attributes": {
                        "name": "ellipse", 
                        "rx": 3, 
                        "ry": 5, 
                        "cy": 939, 
                        "cx": 730, 
                        "theta": 0
                    }, 
                    "region_attributes": {}
                }, 
                {
                    "shape_attributes": {
                        "name": "ellipse", 
                        "rx": 3.802, 
                        "ry": 7.39, 
                        "cy": 937, 
                        "cx": 757, 
                        "theta": -0.54
                    }, 
                    "region_attributes": {}
                }, 
                {
                    "shape_attributes": {
                        "name": "ellipse", 
                        "rx": 7.63, 
                        "ry": 3.168, 
                        "cy": 971, 
                        "cx": 769, 
                        "theta": -0.727
                    }, 
                    "region_attributes": {}
                }, 
                {
                    "shape_attributes": {
                        "name": "ellipse", 
                        "rx": 3.802, 
                        "ry": 7.169, 
                        "cy": 937, 
                        "cx": 1117, 
                        "theta": -0.785
                    }, 
                    "region_attributes": {}
                }
            ], 
            "size": 1194755, 
            "file_attributes": {}, 
            "filename": "0182.png"
        }, 
        "0038.png": {
            "regions": [
                {
                    "shape_attributes": {
                        "name": "ellipse", 
                        "rx": 4, 
                        "ry": 4, 
                        "cy": 937, 
                        "cx": 520, 
                        "theta": 0
                    }, 
                    "region_attributes": {}
                }, 
                {
                    "shape_attributes": {
                        "name": "ellipse", 
                        "rx": 3.168, 
                        "ry": 9.139, 
                        "cy": 953, 
                        "cx": 516, 
                        "theta": -0.983
                    }, 
                    "region_attributes": {}
                }, 
                {
                    "shape_attributes": {
                        "name": "ellipse", 
                        "rx": 4, 
                        "ry": 8, 
                        "cy": 934, 
                        "cx": 599, 
                        "theta": 0
                    }, 
                    "region_attributes": {}
                }, 
                {
                    "shape_attributes": {
                        "name": "ellipse", 
                        "rx": 3.168, 
                        "ry": 7.225, 
                        "cy": 944, 
                        "cx": 608, 
                        "theta": -0.661
                    }, 
                    "region_attributes": {}
                }, 
                {
                    "shape_attributes": {
                        "name": "ellipse", 
                        "rx": 4, 
                        "ry": 4, 
                        "cy": 947, 
                        "cx": 624, 
                        "theta": 0
                    }, 
                    "region_attributes": {}
                }, 
                {
                    "shape_attributes": {
                        "name": "ellipse", 
                        "rx": 3.168, 
                        "ry": 7.63, 
                        "cy": 950, 
                        "cx": 635, 
                        "theta": 0.727
                    }, 
                    "region_attributes": {}
                }, 
                {
                    "shape_attributes": {
                        "name": "ellipse", 
                        "rx": 7.709, 
                        "ry": 3.168, 
                        "cy": 937, 
                        "cx": 747, 
                        "theta": -0.165
                    }, 
                    "region_attributes": {}
                }, 
                {
                    "shape_attributes": {
                        "name": "ellipse", 
                        "rx": 8.238, 
                        "ry": 4.251, 
                        "cy": 941, 
                        "cx": 676, 
                        "theta": 1.107
                    }, 
                    "region_attributes": {}
                }, 
                {
                    "shape_attributes": {
                        "name": "ellipse", 
                        "rx": 3.802, 
                        "ry": 5.109, 
                        "cy": 942, 
                        "cx": 691, 
                        "theta": 0.519
                    }, 
                    "region_attributes": {}
                }, 
                {
                    "shape_attributes": {
                        "name": "ellipse", 
                        "rx": 3.802, 
                        "ry": 7.735, 
                        "cy": 970, 
                        "cx": 768, 
                        "theta": 0.611
                    }, 
                    "region_attributes": {}
                }, 
                {
                    "shape_attributes": {
                        "name": "ellipse", 
                        "rx": 5.842, 
                        "ry": 3.802, 
                        "cy": 941, 
                        "cx": 1146, 
                        "theta": 0.709
                    }, 
                    "region_attributes": {}
                }, 
                {
                    "shape_attributes": {
                        "name": "ellipse", 
                        "rx": 6, 
                        "ry": 4, 
                        "cy": 983, 
                        "cx": 536, 
                        "theta": 0
                    }, 
                    "region_attributes": {}
                }
            ], 
            "size": 1193337, 
            "file_attributes": {}, 
            "filename": "0038.png"
        }, 
        "0181.png": {
            "regions": [
                {
                    "shape_attributes": {
                        "name": "ellipse", 
                        "rx": 7, 
                        "ry": 4, 
                        "cy": 983, 
                        "cx": 535, 
                        "theta": 0
                    }, 
                    "region_attributes": {}
                }, 
                {
                    "shape_attributes": {
                        "name": "ellipse", 
                        "rx": 8.803, 
                        "ry": 3.168, 
                        "cy": 955, 
                        "cx": 547, 
                        "theta": -0.528
                    }, 
                    "region_attributes": {}
                }, 
                {
                    "shape_attributes": {
                        "name": "ellipse", 
                        "rx": 4, 
                        "ry": 6, 
                        "cy": 940, 
                        "cx": 660, 
                        "theta": 0
                    }, 
                    "region_attributes": {}
                }, 
                {
                    "shape_attributes": {
                        "name": "ellipse", 
                        "rx": 3.168, 
                        "ry": 5.842, 
                        "cy": 941, 
                        "cx": 562, 
                        "theta": -0.862
                    }, 
                    "region_attributes": {}
                }, 
                {
                    "shape_attributes": {
                        "name": "ellipse", 
                        "rx": 11.335, 
                        "ry": 3.802, 
                        "cy": 970, 
                        "cx": 771, 
                        "theta": -0.464
                    }, 
                    "region_attributes": {}
                }, 
                {
                    "shape_attributes": {
                        "name": "ellipse", 
                        "rx": 4, 
                        "ry": 4, 
                        "cy": 940, 
                        "cx": 733, 
                        "theta": 0
                    }, 
                    "region_attributes": {}
                }, 
                {
                    "shape_attributes": {
                        "name": "ellipse", 
                        "rx": 5.842, 
                        "ry": 3.168, 
                        "cy": 930, 
                        "cx": 698, 
                        "theta": 2.433
                    }, 
                    "region_attributes": {}
                }, 
                {
                    "shape_attributes": {
                        "name": "ellipse", 
                        "rx": 3.168, 
                        "ry": 9.073, 
                        "cy": 938, 
                        "cx": 758, 
                        "theta": -0.432
                    }, 
                    "region_attributes": {}
                }, 
                {
                    "shape_attributes": {
                        "name": "ellipse", 
                        "rx": 3.802, 
                        "ry": 8.115, 
                        "cy": 935, 
                        "cx": 1118, 
                        "theta": -0.896
                    }, 
                    "region_attributes": {}
                }, 
                {
                    "shape_attributes": {
                        "name": "ellipse", 
                        "rx": 3.802, 
                        "ry": 6.273, 
                        "cy": 936, 
                        "cx": 621, 
                        "theta": 0.785
                    }, 
                    "region_attributes": {}
                }, 
                {
                    "shape_attributes": {
                        "name": "ellipse", 
                        "rx": 3.168, 
                        "ry": 5.109, 
                        "cy": 928, 
                        "cx": 572, 
                        "theta": 1.052
                    }, 
                    "region_attributes": {}
                }, 
                {
                    "shape_attributes": {
                        "name": "ellipse", 
                        "rx": 3.168, 
                        "ry": 9.073, 
                        "cy": 942, 
                        "cx": 675, 
                        "theta": -0.432
                    }, 
                    "region_attributes": {}
                }
            ], 
            "size": 1194058, 
            "file_attributes": {}, 
            "filename": "0181.png"
        }
    }, 
    "_via_image_id_list": [
        "0182.png", 
        "0181.png", 
        "0038.png", 
        "0037.png"
    ], 
    "_via_settings": {
        "project": {
            "name": "via_project_6May2022_21h10m"
        }, 
        "core": {
            "buffer_size": 18, 
            "default_filepath": "", 
            "filepath": {}
        }, 
        "ui": {
            "image_grid": {
                "rshape_stroke_width": 2, 
                "img_height": 80, 
                "rshape_fill": "none", 
                "rshape_stroke": "yellow", 
                "rshape_fill_opacity": 0.3, 
                "show_image_policy": "all", 
                "show_region_shape": true
            }, 
            "annotation_editor_height": 25, 
            "image": {
                "region_color": "__via_default_region_color__", 
                "region_label_font": "10px Sans", 
                "on_image_annotation_editor_placement": "NEAR_REGION", 
                "region_label": "__via_region_id__"
            }, 
            "annotation_editor_fontsize": 0.8, 
            "leftsidebar_width": 18
        }
    }, 
    "_via_data_format_version": "2.0.10"
}