{
    "_via_attributes": {
        "region": {}, 
        "file": {}
    }, 
    "_via_img_metadata": {
        "0681.png": {
            "regions": [
                {
                    "shape_attributes": {
                        "name": "ellipse", 
                        "rx": 6.475, 
                        "ry": 4.054, 
                        "cy": 946, 
                        "cx": 595, 
                        "theta": -1.107
                    }, 
                    "region_attributes": {}
                }, 
                {
                    "shape_attributes": {
                        "name": "ellipse", 
                        "rx": 3, 
                        "ry": 8, 
                        "cy": 941, 
                        "cx": 640, 
                        "theta": 0
                    }, 
                    "region_attributes": {}
                }, 
                {
                    "shape_attributes": {
                        "name": "ellipse", 
                        "rx": 3, 
                        "ry": 7, 
                        "cy": 939, 
                        "cx": 666, 
                        "theta": 0
                    }, 
                    "region_attributes": {}
                }, 
                {
                    "shape_attributes": {
                        "name": "ellipse", 
                        "rx": 4.054, 
                        "ry": 7.771, 
                        "cy": 926, 
                        "cx": 637, 
                        "theta": -1.107
                    }, 
                    "region_attributes": {}
                }, 
                {
                    "shape_attributes": {
                        "name": "ellipse", 
                        "rx": 7.771, 
                        "ry": 2.896, 
                        "cy": 954, 
                        "cx": 638, 
                        "theta": 2.678
                    }, 
                    "region_attributes": {}
                }, 
                {
                    "shape_attributes": {
                        "name": "ellipse", 
                        "rx": 9, 
                        "ry": 3, 
                        "cy": 945, 
                        "cx": 685, 
                        "theta": 0
                    }, 
                    "region_attributes": {}
                }, 
                {
                    "shape_attributes": {
                        "name": "ellipse", 
                        "rx": 5.734, 
                        "ry": 2.896, 
                        "cy": 930, 
                        "cx": 701, 
                        "theta": -0.785
                    }, 
                    "region_attributes": {}
                }, 
                {
                    "shape_attributes": {
                        "name": "ellipse", 
                        "rx": 4, 
                        "ry": 7, 
                        "cy": 929, 
                        "cx": 792, 
                        "theta": 0
                    }, 
                    "region_attributes": {}
                }, 
                {
                    "shape_attributes": {
                        "name": "ellipse", 
                        "rx": 3, 
                        "ry": 7, 
                        "cy": 941, 
                        "cx": 832, 
                        "theta": 0
                    }, 
                    "region_attributes": {}
                }, 
                {
                    "shape_attributes": {
                        "name": "ellipse", 
                        "rx": 7, 
                        "ry": 4, 
                        "cy": 944, 
                        "cx": 1122, 
                        "theta": 0
                    }, 
                    "region_attributes": {}
                }, 
                {
                    "shape_attributes": {
                        "name": "ellipse", 
                        "rx": 4.054, 
                        "ry": 5.704, 
                        "cy": 950, 
                        "cx": 1120, 
                        "theta": 1.153
                    }, 
                    "region_attributes": {}
                }, 
                {
                    "shape_attributes": {
                        "name": "ellipse", 
                        "rx": 7, 
                        "ry": 4, 
                        "cy": 982, 
                        "cx": 535, 
                        "theta": 0
                    }, 
                    "region_attributes": {}
                }
            ], 
            "size": 1193875, 
            "file_attributes": {}, 
            "filename": "0681.png"
        }, 
        "0680.png": {
            "regions": [
                {
                    "shape_attributes": {
                        "name": "ellipse", 
                        "rx": 7, 
                        "ry": 4, 
                        "cy": 981, 
                        "cx": 536, 
                        "theta": 0
                    }, 
                    "region_attributes": {}
                }, 
                {
                    "shape_attributes": {
                        "name": "ellipse", 
                        "rx": 4.125, 
                        "ry": 7.384, 
                        "cy": 944, 
                        "cx": 596, 
                        "theta": 0.499
                    }, 
                    "region_attributes": {}
                }, 
                {
                    "shape_attributes": {
                        "name": "ellipse", 
                        "rx": 4.125, 
                        "ry": 8.376, 
                        "cy": 925, 
                        "cx": 638, 
                        "theta": -0.885
                    }, 
                    "region_attributes": {}
                }, 
                {
                    "shape_attributes": {
                        "name": "ellipse", 
                        "rx": 3.727, 
                        "ry": 8.84, 
                        "cy": 942, 
                        "cx": 638, 
                        "theta": -0.322
                    }, 
                    "region_attributes": {}
                }, 
                {
                    "shape_attributes": {
                        "name": "ellipse", 
                        "rx": 7.121, 
                        "ry": 2.947, 
                        "cy": 955, 
                        "cx": 636, 
                        "theta": -0.427
                    }, 
                    "region_attributes": {}
                }, 
                {
                    "shape_attributes": {
                        "name": "ellipse", 
                        "rx": 4, 
                        "ry": 5, 
                        "cy": 937, 
                        "cx": 666, 
                        "theta": 0
                    }, 
                    "region_attributes": {}
                }, 
                {
                    "shape_attributes": {
                        "name": "ellipse", 
                        "rx": 9.521, 
                        "ry": 2.947, 
                        "cy": 941, 
                        "cx": 680, 
                        "theta": 0.381
                    }, 
                    "region_attributes": {}
                }, 
                {
                    "shape_attributes": {
                        "name": "ellipse", 
                        "rx": 4, 
                        "ry": 6, 
                        "cy": 931, 
                        "cx": 700, 
                        "theta": 0
                    }, 
                    "region_attributes": {}
                }, 
                {
                    "shape_attributes": {
                        "name": "ellipse", 
                        "rx": 4, 
                        "ry": 8, 
                        "cy": 929, 
                        "cx": 793, 
                        "theta": 0
                    }, 
                    "region_attributes": {}
                }, 
                {
                    "shape_attributes": {
                        "name": "ellipse", 
                        "rx": 3, 
                        "ry": 7, 
                        "cy": 939, 
                        "cx": 832, 
                        "theta": 0
                    }, 
                    "region_attributes": {}
                }, 
                {
                    "shape_attributes": {
                        "name": "ellipse", 
                        "rx": 6, 
                        "ry": 4, 
                        "cy": 943, 
                        "cx": 1121, 
                        "theta": 0
                    }, 
                    "region_attributes": {}
                }
            ], 
            "size": 1193662, 
            "file_attributes": {}, 
            "filename": "0680.png"
        }, 
        "0373.png": {
            "regions": [
                {
                    "shape_attributes": {
                        "name": "ellipse", 
                        "rx": 6, 
                        "ry": 5, 
                        "cy": 982, 
                        "cx": 536, 
                        "theta": 0
                    }, 
                    "region_attributes": {}
                }, 
                {
                    "shape_attributes": {
                        "name": "ellipse", 
                        "rx": 4.125, 
                        "ry": 6.067, 
                        "cy": 941, 
                        "cx": 583, 
                        "theta": -1.064
                    }, 
                    "region_attributes": {}
                }, 
                {
                    "shape_attributes": {
                        "name": "ellipse", 
                        "rx": 5, 
                        "ry": 4, 
                        "cy": 937, 
                        "cx": 606, 
                        "theta": 0
                    }, 
                    "region_attributes": {}
                }, 
                {
                    "shape_attributes": {
                        "name": "ellipse", 
                        "rx": 3.436, 
                        "ry": 8.84, 
                        "cy": 965, 
                        "cx": 658, 
                        "theta": 1.03
                    }, 
                    "region_attributes": {}
                }, 
                {
                    "shape_attributes": {
                        "name": "ellipse", 
                        "rx": 4.125, 
                        "ry": 5.591, 
                        "cy": 926, 
                        "cx": 692, 
                        "theta": 0.322
                    }, 
                    "region_attributes": {}
                }, 
                {
                    "shape_attributes": {
                        "name": "ellipse", 
                        "rx": 4.125, 
                        "ry": 8.701, 
                        "cy": 937, 
                        "cx": 692, 
                        "theta": -0.494
                    }, 
                    "region_attributes": {}
                }, 
                {
                    "shape_attributes": {
                        "name": "ellipse", 
                        "rx": 4, 
                        "ry": 4, 
                        "cy": 944, 
                        "cx": 670, 
                        "theta": 0
                    }, 
                    "region_attributes": {}
                }, 
                {
                    "shape_attributes": {
                        "name": "ellipse", 
                        "rx": 4, 
                        "ry": 6, 
                        "cy": 953, 
                        "cx": 702, 
                        "theta": 0
                    }, 
                    "region_attributes": {}
                }, 
                {
                    "shape_attributes": {
                        "name": "ellipse", 
                        "rx": 2.947, 
                        "ry": 5.56, 
                        "cy": 939, 
                        "cx": 721, 
                        "theta": -1.012
                    }, 
                    "region_attributes": {}
                }, 
                {
                    "shape_attributes": {
                        "name": "ellipse", 
                        "rx": 2.947, 
                        "ry": 8.376, 
                        "cy": 938, 
                        "cx": 777, 
                        "theta": -0.686
                    }, 
                    "region_attributes": {}
                }, 
                {
                    "shape_attributes": {
                        "name": "ellipse", 
                        "rx": 9, 
                        "ry": 4, 
                        "cy": 938, 
                        "cx": 1143, 
                        "theta": 0
                    }, 
                    "region_attributes": {}
                }
            ], 
            "size": 1194265, 
            "file_attributes": {}, 
            "filename": "0373.png"
        }, 
        "0374.png": {
            "regions": [
                {
                    "shape_attributes": {
                        "name": "ellipse", 
                        "rx": 7, 
                        "ry": 4, 
                        "cy": 981, 
                        "cx": 537, 
                        "theta": 0
                    }, 
                    "region_attributes": {}
                }, 
                {
                    "shape_attributes": {
                        "name": "ellipse", 
                        "rx": 4, 
                        "ry": 8, 
                        "cy": 936, 
                        "cx": 578, 
                        "theta": 0
                    }, 
                    "region_attributes": {}
                }, 
                {
                    "shape_attributes": {
                        "name": "ellipse", 
                        "rx": 4, 
                        "ry": 4, 
                        "cy": 941, 
                        "cx": 606, 
                        "theta": 0
                    }, 
                    "region_attributes": {}
                }, 
                {
                    "shape_attributes": {
                        "name": "ellipse", 
                        "rx": 4, 
                        "ry": 6, 
                        "cy": 943, 
                        "cx": 669, 
                        "theta": 0
                    }, 
                    "region_attributes": {}
                }, 
                {
                    "shape_attributes": {
                        "name": "ellipse", 
                        "rx": 7.928, 
                        "ry": 2.947, 
                        "cy": 965, 
                        "cx": 657, 
                        "theta": -0.733
                    }, 
                    "region_attributes": {}
                }, 
                {
                    "shape_attributes": {
                        "name": "ellipse", 
                        "rx": 4.125, 
                        "ry": 6.898, 
                        "cy": 937, 
                        "cx": 692, 
                        "theta": 0.349
                    }, 
                    "region_attributes": {}
                }, 
                {
                    "shape_attributes": {
                        "name": "ellipse", 
                        "rx": 4, 
                        "ry": 6, 
                        "cy": 926, 
                        "cx": 695, 
                        "theta": 0
                    }, 
                    "region_attributes": {}
                }, 
                {
                    "shape_attributes": {
                        "name": "ellipse", 
                        "rx": 2.947, 
                        "ry": 8.499, 
                        "cy": 951, 
                        "cx": 704, 
                        "theta": -0.588
                    }, 
                    "region_attributes": {}
                }, 
                {
                    "shape_attributes": {
                        "name": "ellipse", 
                        "rx": 4.125, 
                        "ry": 6.667, 
                        "cy": 939, 
                        "cx": 721, 
                        "theta": -0.785
                    }, 
                    "region_attributes": {}
                }, 
                {
                    "shape_attributes": {
                        "name": "ellipse", 
                        "rx": 4.125, 
                        "ry": 7.194, 
                        "cy": 938, 
                        "cx": 776, 
                        "theta": -0.611
                    }, 
                    "region_attributes": {}
                }, 
                {
                    "shape_attributes": {
                        "name": "ellipse", 
                        "rx": 9, 
                        "ry": 3, 
                        "cy": 938, 
                        "cx": 1143, 
                        "theta": 0
                    }, 
                    "region_attributes": {}
                }
            ], 
            "size": 1194650, 
            "file_attributes": {}, 
            "filename": "0374.png"
        }
    }, 
    "_via_image_id_list": [
        "0681.png", 
        "0680.png", 
        "0374.png", 
        "0373.png"
    ], 
    "_via_settings": {
        "project": {
            "name": "via_project_7May2022_0h17m"
        }, 
        "core": {
            "buffer_size": 18, 
            "default_filepath": "", 
            "filepath": {}
        }, 
        "ui": {
            "image_grid": {
                "rshape_stroke_width": 2, 
                "img_height": 80, 
                "rshape_fill": "none", 
                "rshape_stroke": "yellow", 
                "rshape_fill_opacity": 0.3, 
                "show_image_policy": "all", 
                "show_region_shape": true
            }, 
            "annotation_editor_height": 25, 
            "image": {
                "region_color": "__via_default_region_color__", 
                "region_label_font": "10px Sans", 
                "on_image_annotation_editor_placement": "NEAR_REGION", 
                "region_label": "__via_region_id__"
            }, 
            "annotation_editor_fontsize": 0.8, 
            "leftsidebar_width": 18
        }
    }, 
    "_via_data_format_version": "2.0.10"
}